#,15074B_2_3_4_5_R_20180429_n,,,,,,,,
# Obs. time:,29-Apr-2018 21:14:04,,,,,,,,
# Duration:,-1109.0131,,,,,,,,
#=========================================================,,,,,,,,,
# Per[s],PerErr[s],ADUerr,MAGerr,Points,Exp[s],APD[s],MedPD[s],ModePD[s],STDPD[s]
#9999,0.5,630.0565,36.0758,603,1.1143,-110.5329,4.1472,4.0608,2822.9982
#=========================================================,,,,,,,,,
# Time,ADU,ADU_err,MAG,MAG_err,,,,,
,,,,,,,,,
0,1.3,4779.55,249.078,15.8015,0.0565812,,,,
4.1472,1.3,5443.96,258.163,15.6602,0.0514877,,,,
8.2944,1.3,5076.81,248.05,15.736,0.0530485,,,,
12.3552,1.3,5597.28,252.791,15.6301,0.0490353,,,,
16.5024,1.3,5115.13,253.93,15.7279,0.0538991,,,,
20.5632,1.3,5250.99,256.481,15.6994,0.053032,,,,
24.7104,1.3,5896.16,251.406,15.5736,0.0462946,,,,
28.8576,1.3,4720.96,248.806,15.8149,0.0572209,,,,
32.9184,1.3,5540.27,253.093,15.6412,0.0495991,,,,
37.0656,1.3,4982.24,250.927,15.7564,0.0546824,,,,
41.1264,1.3,5700.58,250.707,15.6102,0.0477499,,,,
45.2736,1.3,4858.95,253.716,15.7836,0.0566931,,,,
49.3344,1.3,5016.61,257.473,15.749,0.0557245,,,,
53.4816,1.3,5396.53,252.589,15.6697,0.0508187,,,,
57.6288,1.3,4684.41,249.766,15.8234,0.0578899,,,,
61.6896,1.3,5904.02,255.614,15.5721,0.0470069,,,,
65.8368,1.3,4784.65,249.748,15.8004,0.0566731,,,,
69.8976,1.3,5757.5,254.114,15.5994,0.0479202,,,,
73.9584,1.3,5076.52,250.288,15.7361,0.0535302,,,,
78.1056,1.3,5392.57,256.353,15.6705,0.051614,,,,
82.2528,1.3,5511.28,252.934,15.6469,0.0498286,,,,
86.3136,1.3,4335.51,254.934,15.9074,0.0638428,,,,
90.4608,1.3,5535.98,257.33,15.642,0.0504685,,,,
94.5216,1.3,4866.29,253.74,15.782,0.0566129,,,,
98.6688,1.3,5015.5,253.784,15.7492,0.0549382,,,,
102.73,1.3,4579.09,255.104,15.8481,0.0604869,,,,
110.938,1.3,4514.69,251.005,15.8634,0.0603642,,,,
115.085,1.3,4768.88,251.682,15.804,0.0573006,,,,
119.232,1.3,5738.93,256.431,15.6029,0.0485136,,,,
123.293,1.3,4487.37,253.556,15.87,0.0613487,,,,
127.44,1.3,5507.29,255.705,15.6477,0.0504111,,,,
131.501,1.3,5045.91,256.528,15.7427,0.0551975,,,,
135.648,1.3,5642.48,253.184,15.6213,0.0487182,,,,
139.709,1.3,4628.71,248.164,15.8364,0.0582108,,,,
143.77,1.3,4588.35,251.068,15.8459,0.0594098,,,,
147.917,1.3,5310.25,253.148,15.6872,0.0517586,,,,
152.064,1.3,4667.28,253.201,15.8273,0.0589013,,,,
156.125,1.3,5509.8,255.689,15.6472,0.0503849,,,,
160.272,1.3,4469.48,249.285,15.8744,0.0605568,,,,
164.333,1.3,5183.41,254.482,15.7135,0.0533047,,,,
168.48,1.3,4829.4,254.045,15.7903,0.0571139,,,,
172.541,1.3,5192.35,256.501,15.7116,0.0536352,,,,
176.688,1.3,5017.56,250.899,15.7488,0.0542915,,,,
180.835,1.3,4783.34,251.55,15.8007,0.0570976,,,,
184.896,1.3,5530.97,252.821,15.643,0.0496291,,,,
188.957,1.3,4514.74,251.747,15.8634,0.0605418,,,,
193.104,1.3,5053.06,257.229,15.7411,0.0552699,,,,
197.251,1.3,5188.73,253.297,15.7123,0.0530021,,,,
201.312,1.3,5448.59,249.843,15.6593,0.0497859,,,,
205.459,1.3,4844.01,259.112,15.787,0.0580772,,,,
209.52,1.3,4848.14,249.838,15.7861,0.055951,,,,
213.667,1.3,5735.05,253.124,15.6037,0.0479205,,,,
221.875,1.3,5885.74,259.438,15.5755,0.0478583,,,,
225.936,1.3,4729.01,251.429,15.8131,0.0577258,,,,
230.083,1.3,6017.21,254.526,15.5515,0.0459262,,,,
234.23,1.3,5016.2,255.053,15.7491,0.0552052,,,,
238.291,1.3,5197.9,256.298,15.7104,0.0535354,,,,
242.438,1.3,5549.2,256.558,15.6394,0.0501972,,,,
246.499,1.3,4578.32,253.627,15.8482,0.060147,,,,
250.646,1.3,5488.53,255.064,15.6514,0.0504565,,,,
254.794,1.3,4732.54,252.712,15.8123,0.0579771,,,,
258.854,1.3,5678.99,258.309,15.6143,0.0493847,,,,
262.915,1.3,4855.7,259.558,15.7844,0.0580374,,,,
267.062,1.3,5514.89,260.823,15.6462,0.0513492,,,,
271.21,1.3,4372.25,254.517,15.8982,0.0632028,,,,
275.27,1.3,4972.08,258.926,15.7587,0.0565409,,,,
279.418,1.3,5864.68,259.595,15.5794,0.0480592,,,,
283.478,1.3,4940.14,255.563,15.7657,0.0561672,,,,
287.626,1.3,5640.07,255.09,15.6218,0.0491059,,,,
291.773,1.3,4878.94,255.916,15.7792,0.0569503,,,,
295.834,1.3,5240.18,251.935,15.7016,0.0521995,,,,
299.981,1.3,4874.91,258.373,15.7801,0.0575446,,,,
304.042,1.3,4919.11,251.572,15.7703,0.0555265,,,,
308.189,1.3,5720.82,259.748,15.6064,0.0492967,,,,
312.25,1.3,4847.96,254.556,15.7861,0.0570097,,,,
316.397,1.3,5826.6,256.867,15.5865,0.047865,,,,
320.544,1.3,4908.75,257.06,15.7726,0.0568574,,,,
324.605,1.3,5335.8,260.725,15.682,0.0530528,,,,
328.752,1.3,5013.85,254.049,15.7496,0.0550137,,,,
332.813,1.3,5920.73,263.07,15.5691,0.0482414,,,,
341.021,1.3,4702.24,257.218,15.8192,0.0593912,,,,
345.168,1.3,5772.06,259.854,15.5967,0.048879,,,,
349.315,1.3,4517.97,254.406,15.8626,0.0611376,,,,
353.376,1.3,5609.03,255.64,15.6278,0.0494841,,,,
357.523,1.3,5152.91,257.992,15.7199,0.0543599,,,,
361.584,1.3,5295.38,257.003,15.6903,0.0526945,,,,
365.731,1.3,4627.64,256.604,15.8366,0.0602045,,,,
369.792,1.3,4709.74,256.149,15.8175,0.0590501,,,,
373.939,1.3,5949.94,265.17,15.5637,0.0483878,,,,
378.086,1.3,4682.41,254.94,15.8238,0.0591144,,,,
382.147,1.3,5698.97,256.004,15.6105,0.0487725,,,,
386.294,1.3,4530.99,254.16,15.8595,0.0609029,,,,
390.355,1.3,5543.26,259.386,15.6406,0.0508048,,,,
394.502,1.3,5019.46,259.938,15.7484,0.056226,,,,
398.563,1.3,5429.64,256.834,15.6631,0.0513577,,,,
406.771,1.3,4731.03,255.649,15.8126,0.0586694,,,,
410.918,1.3,5994.37,256.94,15.5556,0.0465386,,,,
415.066,1.3,4998.34,260.644,15.7529,0.0566171,,,,
419.126,1.3,5630.39,257.453,15.6237,0.049646,,,,
423.274,1.3,4889.38,255.303,15.7769,0.0566927,,,,
427.334,1.3,5419.78,260.6,15.665,0.0522057,,,,
431.482,1.3,4775.84,255.643,15.8024,0.0581176,,,,
435.629,1.3,4745.85,259.486,15.8092,0.0593643,,,,
439.69,1.3,5719.79,257.632,15.6066,0.048904,,,,
443.837,1.3,4387,259.366,15.8946,0.0641902,,,,
447.898,1.3,5506.53,259.637,15.6478,0.0511933,,,,
452.045,1.3,4770.43,255.47,15.8036,0.0581443,,,,
456.106,1.3,5298.33,259.232,15.6897,0.0531221,,,,
460.253,1.3,5143.26,260.821,15.7219,0.0550589,,,,
464.4,1.3,5559.11,260.514,15.6375,0.0508803,,,,
468.461,1.3,5393.45,260.829,15.6703,0.0525066,,,,
472.608,1.3,4801.35,255.419,15.7966,0.0577584,,,,
476.669,1.3,5610.73,263.807,15.6275,0.0510494,,,,
480.816,1.3,4774.98,256.879,15.8026,0.0584091,,,,
484.963,1.3,5597.97,262.48,15.6299,0.0509085,,,,
489.024,1.3,5262.26,257.87,15.6971,0.053205,,,,
493.171,1.3,5601.33,259.028,15.6293,0.0502088,,,,
497.232,1.3,4869.8,255.946,15.7812,0.0570639,,,,
501.379,1.3,5108.02,258.324,15.7294,0.0549081,,,,
513.734,1.3,5532.64,267.347,15.6427,0.0524648,,,,
517.882,1.3,4321.96,257.404,15.9108,0.0646635,,,,
521.942,1.3,5651.87,261.892,15.6195,0.05031,,,,
526.09,1.3,4936.09,259.865,15.7665,0.0571595,,,,
530.15,1.3,5596.65,257.292,15.6302,0.049914,,,,
534.298,1.3,4878.55,261.508,15.7793,0.0581995,,,,
538.445,1.3,4835.81,257.428,15.7888,0.0577976,,,,
542.506,1.3,5477.16,261.349,15.6536,0.0518072,,,,
546.653,1.3,4417.68,258.971,15.887,0.0636475,,,,
550.714,1.3,5548.04,258.954,15.6397,0.0506766,,,,
554.861,1.3,4983.82,262.753,15.7561,0.0572413,,,,
559.008,1.3,5210.79,263.446,15.7077,0.0548925,,,,
563.069,1.3,4817.63,261.092,15.7929,0.0588417,,,,
567.216,1.3,4533.03,259.84,15.859,0.0622358,,,,
571.277,1.3,5769.61,264.817,15.5971,0.0498337,,,,
575.424,1.3,4507.68,257.606,15.8651,0.062048,,,,
-68684.2,1.3,14111.8,524.572,14.626,0.0403596,,,,
-68680.1,1.3,13542.1,517.853,14.6708,0.0415188,,,,
-68676,1.3,14337,516.52,14.6089,0.0391159,,,,
-68671.8,1.3,14674.6,521.504,14.5836,0.0385848,,,,
-68667.7,1.3,15171.5,516.762,14.5474,0.0369815,,,,
-68663.6,1.3,14923.1,512.595,14.5654,0.0372942,,,,
-68659.5,1.3,14462.4,521.091,14.5994,0.0391198,,,,
-68651.3,1.3,14456.6,514.26,14.5998,0.0386225,,,,
-68643,1.3,15031.6,512.12,14.5575,0.0369905,,,,
-68638.8,1.3,14876.4,512.689,14.5688,0.037418,,,,
-68634.8,1.3,14908,512.44,14.5664,0.0373205,,,,
-68630.6,1.3,14851.3,507.355,14.5706,0.0370914,,,,
-68626.5,1.3,14929,511.74,14.5649,0.0372172,,,,
-68622.4,1.3,14830.5,518.003,14.5721,0.0379227,,,,
-68618.3,1.3,15375.7,506.114,14.5329,0.0357386,,,,
-68614.1,1.3,15844.3,506.616,14.5003,0.0347161,,,,
-68610.1,1.3,15947.2,511.079,14.4933,0.0347959,,,,
-68605.9,1.3,14886,512.305,14.5681,0.0373659,,,,
-68597.7,1.3,15220.5,508.829,14.5439,0.0362966,,,,
-68589.4,1.3,14931.5,508.698,14.5647,0.0369896,,,,
-68585.3,1.3,15197.3,508.403,14.5456,0.0363216,,,,
-68581.2,1.3,15330.5,516.219,14.5361,0.0365596,,,,
-68577.1,1.3,16063.2,522.184,14.4854,0.0352952,,,,
-68568.8,1.3,14939.2,509.69,14.5642,0.0370429,,,,
-68564.7,1.3,13908.5,517.834,14.6418,0.0404235,,,,
-68560.6,1.3,15169.1,516.941,14.5476,0.0370003,,,,
-68556.4,1.3,15040.3,514.351,14.5569,0.0371302,,,,
-68552.4,1.3,14435.6,517.439,14.6014,0.0389178,,,,
-68548.2,1.3,15032.3,510.046,14.5574,0.036839,,,,
-68544.1,1.3,15203.7,509.045,14.5451,0.0363523,,,,
-68539.9,1.3,14326.7,517.747,14.6096,0.039237,,,,
-68535.8,1.3,14593.8,511.685,14.5896,0.0380679,,,,
-68531.7,1.3,14634.7,518.037,14.5865,0.0384327,,,,
-68527.6,1.3,14044.9,508.518,14.6312,0.0393108,,,,
-68523.4,1.3,14386.4,513.352,14.6051,0.0387423,,,,
-68519.3,1.3,14649.2,509.226,14.5855,0.0377416,,,,
-68515.1,1.3,14743.7,517.112,14.5785,0.0380804,,,,
-68511.1,1.3,14340.5,520.689,14.6086,0.039422,,,,
-68506.9,1.3,14439.7,518.851,14.6011,0.039013,,,,
-68502.8,1.3,15346.1,508.936,14.535,0.0360072,,,,
-68498.6,1.3,14354.3,512.061,14.6075,0.0387316,,,,
-68494.5,1.3,14291.6,506.168,14.6123,0.0384536,,,,
-68490.4,1.3,14418.1,510.242,14.6027,0.038423,,,,
-68486.3,1.3,14204.5,513.159,14.6189,0.039224,,,,
-68482.1,1.3,13289.8,505.572,14.6912,0.0413039,,,,
-68473.8,1.3,13819.6,516.577,14.6488,0.0405847,,,,
-68469.8,1.3,15084.1,520.614,14.5537,0.0374733,,,,
-68465.6,1.3,14504.2,511.737,14.5963,0.0383068,,,,
-68461.5,1.3,14282.1,514.877,14.613,0.0391415,,,,
-68457.3,1.3,13686.5,520.675,14.6593,0.0413045,,,,
-68453.3,1.3,14193.6,515.461,14.6198,0.03943,,,,
-68449.1,1.3,13456.6,512.108,14.6777,0.041319,,,,
-68445,1.3,13640.5,509.525,14.6629,0.0405566,,,,
-68440.8,1.3,13877.2,504.358,14.6442,0.0394604,,,,
-68436.7,1.3,14328.7,515.941,14.6095,0.0390946,,,,
-68432.6,1.3,13518.3,515.566,14.6727,0.0414082,,,,
-68428.5,1.3,13768.1,513.167,14.6528,0.0404679,,,,
-68424.3,1.3,13442.7,513.761,14.6788,0.0414953,,,,
-68420.2,1.3,13528.6,512.005,14.6719,0.0410908,,,,
-68416.1,1.3,13441.2,512.504,14.6789,0.0413983,,,,
-68412,1.3,13730.7,512.014,14.6558,0.0404869,,,,
-68407.8,1.3,13473.2,511.22,14.6763,0.0411965,,,,
-68403.7,1.3,13285.5,508.702,14.6916,0.0415729,,,,
-68399.6,1.3,13933,509.558,14.6399,0.0397077,,,,
-68391.3,1.3,13415.1,513.377,14.681,0.0415497,,,,
-68387.2,1.3,13639.4,511.104,14.663,0.0406852,,,,
-68383,1.3,13069.7,519.028,14.7093,0.0431172,,,,
-68378.9,1.3,12151.2,508.671,14.7885,0.0454508,,,,
-68374.8,1.3,12992.6,518.053,14.7158,0.0432915,,,,
-68366.6,1.3,12867.9,510.562,14.7262,0.0430789,,,,
-68362.4,1.3,13998.5,523.781,14.6348,0.0406249,,,,
-68358.3,1.3,13403.6,515.274,14.6819,0.041739,,,,
-68354.2,1.3,12804.5,510.106,14.7316,0.0432535,,,,
-68350,1.3,14019.9,520.171,14.6331,0.0402834,,,,
-68345.9,1.3,14003.2,516.563,14.6344,0.0400516,,,,
-68337.6,1.3,13535.4,521.541,14.6713,0.041835,,,,
-68333.5,1.3,13594.4,508.703,14.6666,0.0406284,,,,
-68329.4,1.3,13514.3,506.313,14.673,0.040677,,,,
-68325.2,1.3,13116.1,513.678,14.7055,0.0425216,,,,
-68321.1,1.3,14128.4,519.531,14.6248,0.0399249,,,,
-68316.9,1.3,12904.6,516.125,14.7231,0.0434244,,,,
-68312.9,1.3,13239.9,504.895,14.6953,0.0414039,,,,
-68308.7,1.3,13532.7,509.483,14.6715,0.040876,,,,
-68304.6,1.3,13080.4,510.422,14.7084,0.0423674,,,,
-68300.4,1.3,13559.2,516.198,14.6694,0.041334,,,,
-68296.3,1.3,13590.2,520.592,14.6669,0.0415906,,,,
-68292.2,1.3,12496.7,518.022,14.758,0.0450068,,,,
-68288.1,1.3,12935.2,513.476,14.7206,0.0430996,,,,
-68283.9,1.3,12616.2,520.154,14.7477,0.0447639,,,,
-68279.8,1.3,13394.1,518.365,14.6827,0.0420192,,,,
-68275.7,1.3,13121.2,506.359,14.7051,0.0418994,,,,
-68271.6,1.3,12893,519.976,14.7241,0.0437879,,,,
-68267.4,1.3,13752.4,526.462,14.6541,0.0415637,,,,
-68263.3,1.3,13607.1,516.612,14.6656,0.0412214,,,,
-68259.2,1.3,12955.8,523.251,14.7188,0.0438499,,,,
-68255,1.3,13305.9,507.169,14.6899,0.041384,,,,
-68246.8,1.3,13101.8,512.322,14.7067,0.0424556,,,,
-68242.6,1.3,13103.7,517.486,14.7065,0.0428775,,,,
-68238.5,1.3,13375.1,515.291,14.6843,0.0418294,,,,
-68230.3,1.3,13121,510.866,14.7051,0.0422731,,,,
-68226.1,1.3,13647.9,507.645,14.6623,0.0403848,,,,
-68222,1.3,14067.4,518.583,14.6295,0.0400249,,,,
-68217.9,1.3,13305.2,512.959,14.6899,0.0418586,,,,
-68213.8,1.3,13126.9,516.704,14.7046,0.042737,,,,
-68209.7,1.3,13267.8,516.956,14.693,0.0423039,,,,
-68205.5,1.3,12935,507.977,14.7206,0.0426385,,,,
-68201.4,1.3,13313.5,518.439,14.6893,0.0422795,,,,
-68193.1,1.3,13826.5,514.377,14.6482,0.0403918,,,,
-68189,1.3,13253.3,511.139,14.6942,0.0418736,,,,
-68184.9,1.3,13207.3,515.177,14.698,0.0423514,,,,
-68176.6,1.3,13207.4,508.866,14.698,0.0418321,,,,
-68172.5,1.3,13020.9,513.375,14.7134,0.0428073,,,,
-68168.3,1.3,13247,505.187,14.6947,0.0414057,,,,
-68164.2,1.3,12878.7,513.164,14.7253,0.043262,,,,
-68160.1,1.3,13475.4,513.823,14.6761,0.0413996,,,,
-68155.9,1.3,14264.3,509.817,14.6144,0.0388052,,,,
-68151.8,1.3,13468.1,506.571,14.6767,0.0408375,,,,
-68147.7,1.3,13524.1,514.667,14.6722,0.0413183,,,,
-68139.4,1.3,14047.9,519.631,14.631,0.0401613,,,,
-68135.3,1.3,13849.2,510.791,14.6464,0.0400445,,,,
-68131.2,1.3,13817.8,513.537,14.6489,0.0403513,,,,
-68127,1.3,14699.7,517.891,14.5817,0.038252,,,,
-68122.9,1.3,13177.1,507.054,14.7005,0.0417791,,,,
-68118.8,1.3,14149.7,513.465,14.6231,0.0393992,,,,
-68114.6,1.3,13399.9,505.773,14.6822,0.0409805,,,,
-68110.5,1.3,13385.6,515.653,14.6834,0.0418259,,,,
-68102.2,1.3,13268.7,521.209,14.6929,0.042649,,,,
-68098.1,1.3,13427.3,510.999,14.68,0.0413196,,,,
-68094,1.3,13607.9,515.86,14.6655,0.041159,,,,
-68089.9,1.3,13910.7,519.446,14.6416,0.040543,,,,
-68085.7,1.3,13875.6,514.024,14.6444,0.0402214,,,,
-68020.1,1.3,9.65877,1601,22.5377,179.967,,,,
-68016.1,1.3,9.49938,1537,22.5558,175.672,,,,
-68011.9,1.3,8.35123,1557,22.6956,202.424,,,,
-68007.8,1.3,9.19906,1601,22.5906,188.961,,,,
-68003.7,1.3,9.21619,1562,22.5886,184.015,,,,
-67995.4,1.3,9.38272,1628,22.5692,188.386,,,,
-67991.4,1.3,9.26605,1628,22.5828,190.759,,,,
-67987.2,1.3,9.23933,1639,22.5859,192.603,,,,
-67983.1,1.3,9.95336,1638,22.5051,178.677,,,,
-67978.9,1.3,9.83003,1601,22.5186,176.832,,,,
-67974.9,1.3,9.47895,1619,22.5581,185.443,,,,
-67970.7,1.3,9.93146,1615,22.5075,176.556,,,,
-67966.6,1.3,9.80549,1647,22.5213,182.368,,,,
-67962.5,1.3,9.32481,1708,22.5759,198.871,,,,
-67958.4,1.3,9.22103,1636,22.5881,192.632,,,,
-67954.2,1.3,9.11524,1577,22.6006,187.84,,,,
-67950.1,1.3,8.47023,1663,22.6803,213.168,,,,
-67946,1.3,8.94836,1637,22.6206,198.623,,,,
-67941.8,1.3,9.00012,1607,22.6144,193.862,,,,
-67937.8,1.3,9.34037,1654,22.5741,192.263,,,,
-67933.6,1.3,8.70358,1579,22.6508,196.974,,,,
-67929.5,1.3,8.57423,1586,22.667,200.832,,,,
-67925.4,1.3,9.21853,1574,22.5883,185.382,,,,
-67921.3,1.3,8.8754,1632,22.6295,199.644,,,,
-67917.2,1.3,8.63688,1576,22.6591,198.118,,,,
-67913.1,1.3,9.27317,1566,22.5819,183.353,,,,
-67904.9,1.3,9.20062,1554,22.5905,183.383,,,,
-67900.7,1.3,9.63551,1628,22.5403,183.444,,,,
-67896.6,1.3,9.20499,1606,22.5899,189.429,,,,
-67892.5,1.3,9.54632,1529,22.5504,173.899,,,,
-67888.4,1.3,8.29603,1568,22.7028,205.211,,,,
-67884.2,1.3,9.63382,1567,22.5405,176.602,,,,
-67876,1.3,9.64431,1638,22.5393,184.403,,,,
-67871.9,1.3,9.37456,1543,22.5701,178.706,,,,
-67867.8,1.3,8.82684,1616,22.6355,198.774,,,,
-67863.7,1.3,8.81412,1584,22.6371,195.12,,,,
-67859.5,1.3,9.16149,1650,22.5951,195.543,,,,
-67847.1,1.3,9.23794,1628,22.5861,191.339,,,,
-67843,1.3,9.49133,1653,22.5567,189.091,,,,
-67834.7,1.3,9.05483,1633,22.6078,195.808,,,,
-67830.7,1.3,9.32982,1551,22.5753,180.494,,,,
-67826.5,1.3,9.0114,1672,22.613,201.45,,,,
-67822.4,1.3,8.84669,1601,22.633,196.488,,,,
-67818.3,1.3,9.54431,1652,22.5506,187.927,,,,
-67814.2,1.3,8.09226,1568,22.7298,210.378,,,,
-67810,1.3,9.51798,1556,22.5536,177.496,,,,
-67805.9,1.3,8.9406,1481,22.6216,179.851,,,,
-67801.8,1.3,8.93314,1545,22.6225,187.78,,,,
-67797.6,1.3,9.12171,1593,22.5998,189.611,,,,
-67793.5,1.3,9.2031,1555,22.5902,183.451,,,,
-67789.4,1.3,8.76647,1548,22.6429,191.721,,,,
-67785.3,1.3,8.51254,1552,22.6749,197.951,,,,
-67781.1,1.3,8.87125,1676,22.63,205.123,,,,
-67777,1.3,9.45431,1571,22.5609,180.414,,,,
-67772.9,1.3,9.12463,1564,22.5995,186.1,,,,
-67768.8,1.3,9.21831,1652,22.5884,194.573,,,,
-67764.6,1.3,8.92278,1522,22.6237,185.199,,,,
-67756.4,1.3,9.62295,1556,22.5417,175.56,,,,
-67752.3,1.3,9.26888,1618,22.5824,189.529,,,,
-67748.1,1.3,9.07124,1641,22.6058,196.411,,,,
-67744,1.3,9.25827,1603,22.5837,187.987,,,,
-67739.8,1.3,9.45372,1579,22.561,181.344,,,,
-67735.8,1.3,9.16051,1597,22.5952,189.282,,,,
-67731.6,1.3,8.98949,1564,22.6157,188.897,,,,
-67727.5,1.3,9.25029,1570,22.5846,184.276,,,,
-67723.3,1.3,8.85475,1560,22.6321,191.281,,,,
-67718.9,1.3,9.19133,1586,22.5916,187.348,,,,
-67714.7,1.3,8.73963,1588,22.6463,197.28,,,,
-67710.6,1.3,8.54318,1613,22.671,204.993,,,,
-67706.5,1.3,7.7507,1558,22.7766,218.248,,,,
-67702.3,1.3,8.75868,1538,22.6439,190.652,,,,
-67698.2,1.3,8.23742,1599,22.7105,210.757,,,,
-67694.1,1.3,8.73465,1688,22.6469,209.822,,,,
-67690,1.3,8.75061,1605,22.6449,199.141,,,,
-67685.8,1.3,8.70619,1607,22.6504,200.407,,,,
-67677.6,1.3,9.35401,1670,22.5725,193.84,,,,
-67673.5,1.3,8.93668,1597,22.6221,194.023,,,,
-67669.3,1.3,9.12355,1600,22.5996,190.406,,,,
-67665.2,1.3,8.92212,1576,22.6238,191.784,,,,
-67661,1.3,9.12235,1667,22.5997,198.405,,,,
-67657,1.3,9.34678,1609,22.5733,186.904,,,,
-67652.8,1.3,8.69235,1639,22.6522,204.723,,,,
-67648.7,1.3,8.31747,1655,22.7,216.038,,,,
-67644.5,1.3,8.705,1636,22.6506,204.051,,,,
-67640.5,1.3,9.32849,1612,22.5755,187.619,,,,
-67636.3,1.3,8.93312,1594,22.6225,193.736,,,,
-67632.2,1.3,8.25909,1511,22.7077,198.635,,,,
-67628,1.3,8.60102,1669,22.6636,210.684,,,,
-67623.9,1.3,9.58216,1628,22.5463,184.465,,,,
-67611.5,1.3,8.90662,1628,22.6257,198.457,,,,
-67607.4,1.3,9.04363,1685,22.6091,202.293,,,,
-67603.2,1.3,9.34419,1621,22.5736,188.35,,,,
-67599.1,1.3,8.94038,1531,22.6216,185.928,,,,
-67595,1.3,8.76376,1595,22.6433,197.603,,,,
-67590.9,1.3,8.50033,1515,22.6764,193.509,,,,
-67586.7,1.3,8.83462,1539,22.6345,189.136,,,,
-67582.6,1.3,8.24467,1505,22.7096,198.193,,,,
-67578.5,1.3,9.03928,1568,22.6097,188.337,,,,
-67574.4,1.3,9.25044,1572,22.5846,184.508,,,,
-67570.2,1.3,9.28016,1585,22.5811,185.438,,,,
-67566.1,1.3,9.21309,1518,22.589,178.892,,,,
-67561.9,1.3,9.44431,1631,22.5621,187.503,,,,
-67557.9,1.3,9.34121,1660,22.574,192.943,,,,
-67553.7,1.3,8.95309,1597,22.6201,193.667,,,,
-67549.6,1.3,8.76994,1591,22.6425,196.969,,,,
-67545.4,1.3,9.00627,1637,22.6136,197.346,,,,
-67541.3,1.3,8.91475,1642,22.6247,199.981,,,,
-67537.2,1.3,8.56004,1561,22.6688,197.994,,,,
-67533.1,1.3,8.7036,1498,22.6508,186.869,,,,
-67528.9,1.3,9.40754,1615,22.5663,186.389,,,,
-67524.8,1.3,8.46051,1580,22.6815,202.761,,,,
-67520.6,1.3,8.31834,1656,22.6999,216.146,,,,
-67516.5,1.3,9.04941,1532,22.6084,183.807,,,,
-67454.8,0.8,4046.92,422.099,15.9822,0.113244,,,,
-67451.2,0.8,4171.25,423.4,15.9493,0.110207,,,,
-67447.6,0.8,3990.09,415.8,15.9975,0.113143,,,,
-67444,0.8,3878.76,416.716,16.0283,0.116646,,,,
-67436.8,0.8,3983.87,417.392,15.9992,0.113753,,,,
-67429.5,0.8,3513.53,419.415,16.1356,0.129606,,,,
-67425.9,0.8,4018.45,422.369,15.9899,0.114119,,,,
-67422.2,0.8,3789.84,423.434,16.0534,0.121308,,,,
-67418.7,0.8,3961.65,424.905,16.0053,0.11645,,,,
-67415.1,0.8,4095.34,413.529,15.9693,0.109633,,,,
-67411.4,0.8,4074.36,420.336,15.9749,0.112011,,,,
-67407.8,0.8,3869.58,417.971,16.0308,0.117275,,,,
-67404.2,0.8,3831.8,420.973,16.0415,0.119282,,,,
-67400.6,0.8,4208.82,418.703,15.9396,0.108011,,,,
-67396.9,0.8,3967.75,423.827,16.0036,0.115976,,,,
-67393.3,0.8,3924.54,432.213,16.0155,0.119573,,,,
-67389.7,0.8,3969.03,416.373,16.0033,0.1139,,,,
-67386,0.8,4108.77,425.24,15.9657,0.112369,,,,
-67382.4,0.8,3737.9,418.131,16.0684,0.121453,,,,
-67375.2,0.8,4100.08,417.21,15.968,0.110481,,,,
-67367.9,0.8,3765.55,428.768,16.0604,0.123628,,,,
-67360.6,0.8,4070.03,424.248,15.976,0.113174,,,,
-67357.1,0.8,3674.17,417.86,16.0871,0.12348,,,,
-67353.5,0.8,3769.46,426.433,16.0593,0.122828,,,,
-67349.8,0.8,3580.64,424.46,16.1151,0.128707,,,,
-67346.2,0.8,3961.93,433.545,16.0052,0.11881,,,,
-67339,0.8,3913.06,417.445,16.0187,0.115826,,,,
-67335.4,0.8,4045.44,428.439,15.9826,0.114986,,,,
-67331.8,0.8,3886.94,420.462,16.026,0.117447,,,,
-67328.2,0.8,4020.55,416.486,15.9893,0.112471,,,,
-67324.5,0.8,3936.16,419.884,16.0123,0.115819,,,,
-67320.9,0.8,3859.42,419.19,16.0337,0.117927,,,,
-67317.3,0.8,3911.21,419.045,16.0192,0.116325,,,,
-67313.6,0.8,4083.52,418.728,15.9724,0.111333,,,,
-67308,0.8,3668.89,425.512,16.0887,0.125922,,,,
-67304.5,0.8,3878.89,424.639,16.0282,0.11886,,,,
-67297.1,0.8,3561.45,418.45,16.1209,0.127568,,,,
-67293.5,0.8,3844.3,429.177,16.038,0.121211,,,,
-67290,0.8,3655.25,422.996,16.0927,0.125645,,,,
-67286.3,0.8,3970.3,425.203,16.0029,0.116278,,,,
-67282.7,0.8,3911.02,430.501,16.0193,0.119511,,,,
-67279.1,0.8,3410.5,424.67,16.168,0.135194,,,,
-67275.4,0.8,3624.69,420.33,16.1018,0.125905,,,,
-67271.8,0.8,3495.38,415.826,16.1413,0.129164,,,,
-67268.2,0.8,3782.88,415.217,16.0554,0.119173,,,,
-67260.9,0.8,3778.57,427.593,16.0567,0.122865,,,,
-67257.3,0.8,3747.7,426.432,16.0656,0.123541,,,,
-67253.6,0.8,4024.38,416.96,15.9883,0.112491,,,,
-67248.1,0.8,3982.11,417.964,15.9997,0.113959,,,,
-67244.4,0.8,4116.25,420.595,15.9637,0.11094,,,,
-67240.8,0.8,3736.37,430.21,16.0689,0.125013,,,,
-67233.5,0.8,3911.11,430.284,16.0192,0.119448,,,,
-67229.9,0.8,4293.49,425.503,15.918,0.107601,,,,
-67226.3,0.8,3751.88,421.947,16.0644,0.122105,,,,
-67222.7,0.8,3858.17,428.763,16.034,0.120659,,,,
-67219,0.8,3639.61,432.633,16.0974,0.129059,,,,
-67215.4,0.8,4092.02,420.174,15.9702,0.111485,,,,
-67211.8,0.8,3613.06,424.397,16.1053,0.127533,,,,
-67208.1,0.8,3952.15,433.349,16.0079,0.11905,,,,
-67204.5,0.8,3652.95,432.274,16.0934,0.128481,,,,
-67200.9,0.8,3833.72,417.45,16.0409,0.118225,,,,
-67197.3,0.8,3884.69,426.388,16.0266,0.119172,,,,
-67193.6,0.8,3681.68,428.921,16.0849,0.12649,,,,
-67190,0.8,4013.23,428.615,15.9913,0.115957,,,,
-67186.4,0.8,3883.12,423.256,16.027,0.118344,,,,
-67179.1,0.8,4015.35,428.331,15.9907,0.115819,,,,
-67175.5,0.8,3743.35,421.516,16.0668,0.122258,,,,
-67171.9,0.8,4003.82,427.367,15.9938,0.115891,,,,
-67161,0.8,3746,431.382,16.0661,0.125031,,,,
-67157.3,0.8,3467.28,433.506,16.15,0.135747,,,,
-67153.7,0.8,4176.45,428.347,15.948,0.111356,,,,
-67150.1,0.8,4216.46,430.913,15.9376,0.11096,,,,
-67142.8,0.8,3842.98,427.662,16.0383,0.120825,,,,
-67139.2,0.8,3738.49,430.011,16.0683,0.124884,,,,
-67135.6,0.8,3190.63,425.05,16.2403,0.14464,,,,
-67128.3,0.8,3554.25,428.404,16.1231,0.130867,,,,
-67124.7,0.8,3542.6,430.499,16.1267,0.131939,,,,
-67121,0.8,4273.47,421.894,15.923,0.107188,,,,
-67117.4,0.8,4010.35,425.992,15.992,0.11533,,,,
-67110.2,0.8,3498.08,423.85,16.1404,0.131555,,,,
-67106.5,0.8,3484.71,427.16,16.1446,0.133091,,,,
-67102.9,0.8,3386.95,428.392,16.1755,0.137327,,,,
-67099.3,0.8,4233.9,423.19,15.9331,0.108522,,,,
-67095.7,0.8,3316.8,432.76,16.1982,0.141661,,,,
-67092.1,0.8,3867.23,427.527,16.0315,0.120029,,,,
-67088.5,0.8,3614.54,427.792,16.1049,0.1285,,,,
-67084.8,0.8,3048.75,430.396,16.2897,0.153275,,,,
-67081.2,0.8,4211.79,434.896,15.9388,0.11211,,,,
-67077.6,0.8,3344.1,427.605,16.1893,0.138831,,,,
-67074,0.8,3128.12,423.908,16.2618,0.147134,,,,
-67070.3,0.8,3469.7,429.3,16.1493,0.134336,,,,
-67066.7,0.8,3267.59,432.548,16.2144,0.143725,,,,
-67063.1,0.8,3763.39,435.202,16.0611,0.125556,,,,
-67055.8,0.8,4053.51,427.148,15.9804,0.114412,,,,
-67052.2,0.8,3309.42,421.124,16.2006,0.13816,,,,
-67048.6,0.8,3142.42,423.156,16.2568,0.146204,,,,
-67044.9,0.8,3214.03,427.641,16.2324,0.144462,,,,
-67041.3,0.8,3537.79,425.848,16.1282,0.130692,,,,
-67034,0.8,3662.61,437.056,16.0905,0.12956,,,,
-67030.4,0.8,3574.32,424.342,16.117,0.128898,,,,
-67026.8,0.8,3184.04,430.536,16.2426,0.14681,,,,
-67023.2,0.8,3546.61,426.095,16.1255,0.130442,,,,
-67019.5,0.8,3565.24,437.941,16.1198,0.133368,,,,
-67015.9,0.8,4084.94,426.903,15.972,0.113467,,,,
-67012.3,0.8,4033.08,433.785,15.9859,0.116778,,,,
-67008.6,0.8,3663.32,440.47,16.0903,0.130547,,,,
-67001.4,0.8,3708.13,428.602,16.0771,0.125494,,,,
-66997.8,0.8,3686.42,429.695,16.0835,0.126555,,,,
-66994.1,0.8,3777.64,424.995,16.0569,0.122148,,,,
-66990.5,0.8,3681.5,427.69,16.0849,0.126133,,,,
-66987,0.8,3533.43,434.648,16.1295,0.133556,,,,
-66983.3,0.8,3761.78,430.03,16.0615,0.124117,,,,
-66979.7,0.8,4279.79,429.175,15.9214,0.108877,,,,
-66976.1,0.8,4359.75,429.092,15.9013,0.106859,,,,
-66972.4,0.8,4066.25,427.465,15.977,0.114138,,,,
-66968.8,0.8,3749.83,428.249,16.065,0.123997,,,,
-66965.2,0.8,3266.69,435.915,16.2147,0.144883,,,,
-66957.9,0.8,3413.09,423.702,16.1671,0.134784,,,,
-66954.3,0.8,3606.56,441.179,16.1073,0.132815,,,,
-66950.7,0.8,4091.05,434.55,15.9704,0.115326,,,,
-66947,0.8,3806.67,435.065,16.0486,0.124089,,,,
-66943.4,0.8,3928.29,432.449,16.0145,0.119524,,,,
-66939.8,0.8,3378.28,427.494,16.1783,0.137391,,,,
-66936.2,0.8,3845.18,435.554,16.0377,0.122984,,,,
-66932.6,0.8,4216.08,440.202,15.9377,0.113362,,,,
-66925.4,0.8,3638.84,440.193,16.0976,0.131342,,,,
-66921.7,0.8,4200.58,431.457,15.9417,0.11152,,,,
-66918.1,0.8,4068.75,441.14,15.9763,0.117717,,,,
-66914.5,0.8,4081.67,437.86,15.9729,0.116472,,,,
-66904.4,0.8,3655.26,438.25,16.0927,0.130175,,,,
-66900.8,0.8,3872.93,439.151,16.0299,0.123112,,,,
-66897.2,0.8,3517.83,432.361,16.1343,0.133443,,,,
-66893.6,0.8,3446.84,443.318,16.1564,0.139643,,,,
-66889.9,0.8,3400.48,448.687,16.1711,0.143261,,,,
-66886.3,0.8,3207.33,431.539,16.2346,0.146083,,,,
-66882.7,0.8,3627.63,430.15,16.1009,0.128742,,,,
-66879,0.8,3311.34,432.332,16.2,0.141755,,,,
-66875.4,0.8,3444.53,443.4,16.1572,0.139762,,,,
-66871.8,0.8,4137.35,438.48,15.9582,0.115067,,,,
-66868.1,0.8,3858.83,427.038,16.0339,0.120153,,,,
-66864.5,0.8,4252.78,434.824,15.9283,0.111011,,,,
-66860.9,0.8,3718.37,441.483,16.0741,0.12891,,,,
-66857.2,0.8,3446.85,431.453,16.1564,0.135905,,,,
-66853.6,0.8,4047.48,441.527,15.982,0.11844,,,,
-66850,0.8,3403.24,439.271,16.1703,0.140141,,,,
-66846.3,0.8,3462.46,445.619,16.1515,0.139735,,,,
-66842.8,0.8,3608.95,447.212,16.1065,0.134542,,,,
-66839.1,0.8,4186.33,450.843,15.9454,0.116927,,,,
-66835.5,0.8,3677.53,438.758,16.0861,0.129537,,,,
-66831.9,0.8,3566.91,439.755,16.1193,0.133857,,,,
-66828.2,0.8,3717.71,432.839,16.0743,0.126408,,,,
-66821,0.8,3464.75,440.682,16.1508,0.138095,,,,
-66817.4,0.8,3508.75,446.092,16.1371,0.138037,,,,
-66813.7,0.8,3861.32,443.111,16.0332,0.124595,,,,
-66806.6,0.8,3817.5,446.242,16.0456,0.126916,,,,
-66802.8,0.8,3745.81,436.745,16.0661,0.126592,,,,
-66799.2,0.8,3821.67,437.868,16.0444,0.124398,,,,
-66792,0.8,4225.04,443.894,15.9354,0.11407,,,,
-66788.3,0.8,3494.84,437.635,16.1414,0.135959,,,,
-66784.7,0.8,3745.45,435.823,16.0662,0.126337,,,,
-66781.1,0.8,3673.3,437.091,16.0874,0.129193,,,,
-66777.4,0.8,3365.8,448.926,16.1823,0.144814,,,,
-66773.8,0.8,3825.63,434.511,16.0432,0.123317,,,,
-66770.2,0.8,3853.39,441.023,16.0354,0.124263,,,,
-66766.6,0.8,4058.98,442.1,15.979,0.118257,,,,
-66762.8,0.8,3599.93,441.149,16.1093,0.13305,,,,
-66759.2,0.8,3384.47,445.007,16.1763,0.142758,,,,
-66755.6,0.8,3404.87,440.876,16.1697,0.140585,,,,
-66751.9,0.8,3265.34,453.481,16.2152,0.150784,,,,
-66744.7,0.8,3503.28,442.879,16.1388,0.137257,,,,
-66741.1,0.8,3097.08,444.99,16.2726,0.155999,,,,
-66737.4,0.8,3392.54,439.58,16.1737,0.140682,,,,
-66733.8,0.8,3457.28,447.187,16.1532,0.140436,,,,
-66730.2,0.8,3437.73,442.788,16.1593,0.139845,,,,
-66726.5,0.8,4134.97,444.709,15.9588,0.116769,,,,
-66722.9,0.8,3400.74,450.627,16.1711,0.143869,,,,
-66719.3,0.8,3476.82,441.351,16.147,0.137825,,,,
-66715.7,0.8,3620.03,445.187,16.1032,0.133522,,,,
-66712,0.8,3430.85,441.018,16.1615,0.139566,,,,
-66708.3,0.8,3864.12,441.928,16.0324,0.124173,,,,
-66704.7,0.8,3802,451.777,16.05,0.129014,,,,
-66701.1,0.8,3432.17,441.41,16.1611,0.139636,,,,
-66697.4,0.8,3524.34,455.794,16.1323,0.140415,,,,
-66693.8,0.8,3345.01,446.381,16.189,0.144888,,,,
-66690.2,0.8,3805.14,452.633,16.0491,0.129152,,,,
-66686.5,0.8,3731.36,440.597,16.0703,0.128203,,,,
-66682.8,0.8,3373.13,443.426,16.1799,0.142729,,,,
-66679.2,0.8,3755.66,453.577,16.0633,0.131126,,,,
-66675.6,0.8,3988.25,448.16,15.998,0.122004,,,,
-66671.9,0.8,3582.61,442.862,16.1145,0.134213,,,,
-66668.3,0.8,3595.9,454.326,16.1105,0.137178,,,,
-66664.7,0.8,3818.18,448.719,16.0454,0.127597,,,,
-66661.1,0.8,3359.52,451.179,16.1843,0.145813,,,,
-66657.4,0.8,3448,441.628,16.1561,0.139064,,,,
-66650.2,0.8,3305.42,447.466,16.2019,0.14698,,,,
-66646.5,0.8,4401.83,448.611,15.8909,0.110652,,,,
-66642.9,0.8,3593.77,445.416,16.1111,0.134567,,,,
-66639.3,0.8,3267.23,449.462,16.2146,0.149361,,,,
-66635.7,0.8,3863.15,454.625,16.0326,0.127772,,,,
-66632,0.8,3224.84,456.03,16.2287,0.153536,,,,
-66628.4,0.8,3238.2,455.463,16.2242,0.152712,,,,
-66624.7,0.8,3460.25,461.01,16.1522,0.144653,,,,
-66621.1,0.8,3355.69,452.98,16.1855,0.146562,,,,
-66617.4,0.8,3709.82,462.344,16.0766,0.135312,,,,
-66613.8,0.8,3190,458.162,16.2405,0.155938,,,,
-66610.2,0.8,3476.01,454.007,16.1473,0.14181,,,,
-66606.5,0.8,3666.34,462.324,16.0894,0.136911,,,,
-66602.9,0.8,3342.14,450.754,16.1899,0.146433,,,,
-66599.3,0.8,3298.48,470.322,16.2042,0.154812,,,,
-66595.7,0.8,3724.78,462.868,16.0722,0.134921,,,,
-66590,0.8,3306.67,449.044,16.2015,0.147442,,,,
-66586.4,0.8,3564.61,453.53,16.12,0.138139,,,,
-66582.8,0.8,3976.78,457.517,16.0012,0.124911,,,,
-66579.1,0.8,3885.53,464.934,16.0264,0.129917,,,,
-66575.5,0.8,3638.15,453.325,16.0978,0.135286,,,,
-66571.9,0.8,3591.42,468.121,16.1118,0.14152,,,,
-66568.3,0.8,3958.18,462.571,16.0063,0.126884,,,,
-66564.6,0.8,4024.56,461.6,15.9882,0.124529,,,,
-66560.9,0.8,4104.85,469.068,15.9668,0.124069,,,,
-66557.3,0.8,3930.19,455.37,16.014,0.125798,,,,
-66553.7,0.8,4358.39,461.749,15.9017,0.115028,,,,
-66548,0.8,3728.08,460.776,16.0713,0.134193,,,,
-66544.4,0.8,4134.48,474.375,15.9589,0.124573,,,,
-66540.8,0.8,3773.91,460.286,16.058,0.132422,,,,
